recording_id,controller,saturation,delta_abs_q50_s,delta_abs_q90_s,delta_abs_q95_s,delta_rel_q90_s,dataset,weight_mode,controller_label,n_instances,sat_gap_vs_star,delta90_penalty_vs_star_s,delta_rel90_penalty_vs_star_s
01,star,0.9961240310077517,1.2,1.9,2.15,1.9,highd_external,frequency,Upper bound,258,0.0,0.0,0.0
01,pi,0.7286821705426356,1.45,,,1.95,highd_external,frequency,Weak TTC,258,0.2674418604651161,,0.050000000000000044
01,pi_tuned,0.9767441860465115,1.2,1.95,2.35,1.85,highd_external,frequency,Strong TTC,258,0.019379844961240233,0.050000000000000044,-0.04999999999999982
01,pi_sd,0.9961240310077517,1.2,1.9,2.15,1.9,highd_external,frequency,Stopping-distance,258,0.0,0.0,0.0
01,rss_longitudinal,0.9922480620155038,1.2,1.9,2.15,1.85,highd_external,frequency,RSS longitudinal,258,0.003875968992247958,0.0,-0.04999999999999982
01,star,0.9935824865455363,1.5,2.15,2.45,2.15,highd_external,severity,Upper bound,258,0.0,0.0,0.0
01,pi,0.6375485352755275,1.8,,,2.05,highd_external,severity,Weak TTC,258,0.3560339512700088,,-0.10000000000000009
01,pi_tuned,0.9589807993684643,1.5,2.25,3.05,2.1,highd_external,severity,Strong TTC,258,0.034601687177072016,0.10000000000000009,-0.04999999999999982
01,pi_sd,0.9935824865455363,1.5,2.15,2.5,2.15,highd_external,severity,Stopping-distance,258,0.0,0.0,0.0
01,rss_longitudinal,0.9871649730910723,1.5,2.15,2.55,2.15,highd_external,severity,RSS longitudinal,258,0.006417513454463952,0.0,0.0
02,star,0.9999999999999998,1.25,2.0,2.2,2.0,highd_external,frequency,Upper bound,234,0.0,0.0,0.0
02,pi,0.7649572649572648,1.45,,,1.9,highd_external,frequency,Weak TTC,234,0.23504273504273498,,-0.10000000000000009
02,pi_tuned,0.987179487179487,1.25,2.05,2.35,2.05,highd_external,frequency,Strong TTC,234,0.012820512820512775,0.04999999999999982,0.04999999999999982
02,pi_sd,0.9999999999999998,1.25,2.0,2.25,2.0,highd_external,frequency,Stopping-distance,234,0.0,0.0,0.0
02,rss_longitudinal,0.9999999999999998,1.25,2.0,2.25,2.0,highd_external,frequency,RSS longitudinal,234,0.0,0.0,0.0
02,star,1.0,1.55,2.2,2.45,2.2,highd_external,severity,Upper bound,234,0.0,0.0,0.0
02,pi,0.6572597455211233,1.75,,,2.05,highd_external,severity,Weak TTC,234,0.3427402544788767,,-0.15000000000000036
02,pi_tuned,0.9777772553502393,1.55,2.25,2.7,2.25,highd_external,severity,Strong TTC,234,0.022222744649760706,0.04999999999999982,0.04999999999999982
02,pi_sd,1.0,1.55,2.2,2.45,2.2,highd_external,severity,Stopping-distance,234,0.0,0.0,0.0
02,rss_longitudinal,1.0,1.55,2.2,2.45,2.2,highd_external,severity,RSS longitudinal,234,0.0,0.0,0.0
03,star,0.9999999999999998,1.3,2.2,2.45,2.2,highd_external,frequency,Upper bound,240,0.0,0.0,0.0
03,pi,0.7041666666666665,1.55,,,1.9,highd_external,frequency,Weak TTC,240,0.2958333333333333,,-0.30000000000000027
03,pi_tuned,0.9791666666666664,1.3,2.35,2.75,2.15,highd_external,frequency,Strong TTC,240,0.02083333333333337,0.1499999999999999,-0.050000000000000266
03,pi_sd,0.9999999999999998,1.3,2.2,2.45,2.2,highd_external,frequency,Stopping-distance,240,0.0,0.0,0.0
03,rss_longitudinal,0.9999999999999998,1.3,2.2,2.45,2.2,highd_external,frequency,RSS longitudinal,240,0.0,0.0,0.0
03,star,1.0,1.65,2.45,2.7,2.45,highd_external,severity,Upper bound,240,0.0,0.0,0.0
03,pi,0.565457465586228,2.0,,,2.1,highd_external,severity,Weak TTC,240,0.434542534413772,,-0.3500000000000001
03,pi_tuned,0.9635129247723817,1.65,2.75,3.25,2.65,highd_external,severity,Strong TTC,240,0.03648707522761829,0.2999999999999998,0.19999999999999973
03,pi_sd,1.0,1.65,2.45,2.7,2.45,highd_external,severity,Stopping-distance,240,0.0,0.0,0.0
03,rss_longitudinal,1.0,1.65,2.45,2.7,2.45,highd_external,severity,RSS longitudinal,240,0.0,0.0,0.0
04,star,1.0,1.25,1.95,2.15,1.95,highd_external,frequency,Upper bound,399,0.0,0.0,0.0
04,pi,0.7293233082706767,1.45,,,1.85,highd_external,frequency,Weak TTC,399,0.2706766917293233,,-0.09999999999999987
04,pi_tuned,0.9899749373433584,1.25,2.0,2.3,1.95,highd_external,frequency,Strong TTC,399,0.010025062656641603,0.050000000000000044,0.0
04,pi_sd,1.0,1.25,1.95,2.15,1.95,highd_external,frequency,Stopping-distance,399,0.0,0.0,0.0
04,rss_longitudinal,1.0,1.25,1.95,2.15,1.95,highd_external,frequency,RSS longitudinal,399,0.0,0.0,0.0
04,star,1.0,1.45,2.15,2.4,2.15,highd_external,severity,Upper bound,399,0.0,0.0,0.0
04,pi,0.6268079327677633,1.75,,,1.95,highd_external,severity,Weak TTC,399,0.37319206723223675,,-0.19999999999999996
04,pi_tuned,0.9793477480227387,1.45,2.3,2.75,2.2,highd_external,severity,Strong TTC,399,0.020652251977261282,0.1499999999999999,0.050000000000000266
04,pi_sd,1.0,1.45,2.15,2.4,2.15,highd_external,severity,Stopping-distance,399,0.0,0.0,0.0
04,rss_longitudinal,1.0,1.45,2.15,2.4,2.15,highd_external,severity,RSS longitudinal,399,0.0,0.0,0.0
05,star,1.0000000000000002,1.35,2.0,2.2,2.0,highd_external,frequency,Upper bound,327,0.0,0.0,0.0
05,pi,0.7186544342507646,1.55,,,1.95,highd_external,frequency,Weak TTC,327,0.28134556574923564,,-0.050000000000000044
05,pi_tuned,1.0000000000000002,1.35,2.05,2.35,2.05,highd_external,frequency,Strong TTC,327,0.0,0.04999999999999982,0.04999999999999982
05,pi_sd,1.0000000000000002,1.35,2.0,2.2,2.0,highd_external,frequency,Stopping-distance,327,0.0,0.0,0.0
05,rss_longitudinal,1.0000000000000002,1.35,2.0,2.2,2.0,highd_external,frequency,RSS longitudinal,327,0.0,0.0,0.0
05,star,1.0,1.55,2.15,2.4,2.15,highd_external,severity,Upper bound,327,0.0,0.0,0.0
05,pi,0.6280593414131888,1.85,,,2.05,highd_external,severity,Weak TTC,327,0.37194065858681125,,-0.10000000000000009
05,pi_tuned,1.0,1.6,2.25,2.65,2.25,highd_external,severity,Strong TTC,327,0.0,0.10000000000000009,0.10000000000000009
05,pi_sd,1.0,1.55,2.15,2.4,2.15,highd_external,severity,Stopping-distance,327,0.0,0.0,0.0
05,rss_longitudinal,1.0,1.55,2.15,2.4,2.15,highd_external,severity,RSS longitudinal,327,0.0,0.0,0.0
06,star,0.9975669099756692,1.35,2.05,2.2,2.05,highd_external,frequency,Upper bound,411,0.0,0.0,0.0
06,pi,0.7201946472019467,1.5,,,1.9,highd_external,frequency,Weak TTC,411,0.2773722627737225,,-0.1499999999999999
06,pi_tuned,0.9927007299270074,1.35,2.1,2.3,2.1,highd_external,frequency,Strong TTC,411,0.0048661800486617945,0.050000000000000266,0.050000000000000266
06,pi_sd,0.9975669099756692,1.35,2.05,2.2,2.05,highd_external,frequency,Stopping-distance,411,0.0,0.0,0.0
06,rss_longitudinal,0.9975669099756692,1.35,2.05,2.2,2.05,highd_external,frequency,RSS longitudinal,411,0.0,0.0,0.0
06,star,0.9954052027128483,1.55,2.15,2.45,2.15,highd_external,severity,Upper bound,411,0.0,0.0,0.0
06,pi,0.6308985611100109,1.75,,,1.95,highd_external,severity,Weak TTC,411,0.3645066416028374,,-0.19999999999999996
06,pi_tuned,0.9877827469930439,1.55,2.25,2.8,2.2,highd_external,severity,Strong TTC,411,0.007622455719804355,0.10000000000000009,0.050000000000000266
06,pi_sd,0.9954052027128483,1.55,2.15,2.45,2.15,highd_external,severity,Stopping-distance,411,0.0,0.0,0.0
06,rss_longitudinal,0.9954052027128483,1.55,2.15,2.45,2.15,highd_external,severity,RSS longitudinal,411,0.0,0.0,0.0
07,star,1.0000000000000004,1.15,1.7,1.95,1.7,highd_external,frequency,Upper bound,204,0.0,0.0,0.0
07,pi,0.808823529411765,1.3,,,1.75,highd_external,frequency,Weak TTC,204,0.1911764705882354,,0.050000000000000044
07,pi_tuned,0.9852941176470593,1.15,1.75,1.95,1.7,highd_external,frequency,Strong TTC,204,0.014705882352941124,0.050000000000000044,0.0
07,pi_sd,1.0000000000000004,1.15,1.7,1.95,1.7,highd_external,frequency,Stopping-distance,204,0.0,0.0,0.0
07,rss_longitudinal,1.0000000000000004,1.15,1.7,1.95,1.7,highd_external,frequency,RSS longitudinal,204,0.0,0.0,0.0
07,star,1.0,1.35,1.95,2.2,1.95,highd_external,severity,Upper bound,204,0.0,0.0,0.0
07,pi,0.737873451623433,1.55,,,1.85,highd_external,severity,Weak TTC,204,0.262126548376567,,-0.09999999999999987
07,pi_tuned,0.9659088212497814,1.35,1.95,2.25,1.85,highd_external,severity,Strong TTC,204,0.03409117875021861,0.0,-0.09999999999999987
07,pi_sd,1.0,1.35,1.95,2.2,1.95,highd_external,severity,Stopping-distance,204,0.0,0.0,0.0
07,rss_longitudinal,1.0,1.35,1.95,2.2,1.95,highd_external,severity,RSS longitudinal,204,0.0,0.0,0.0
08,star,0.9953703703703702,1.15,1.9,2.15,1.9,highd_external,frequency,Upper bound,432,0.0,0.0,0.0
08,pi,0.7824074074074073,1.3,,,1.95,highd_external,frequency,Weak TTC,432,0.2129629629629629,,0.050000000000000044
08,pi_tuned,0.9861111111111109,1.15,1.95,2.25,1.85,highd_external,frequency,Strong TTC,432,0.0092592592592593,0.050000000000000044,-0.04999999999999982
08,pi_sd,0.9953703703703702,1.15,1.9,2.15,1.9,highd_external,frequency,Stopping-distance,432,0.0,0.0,0.0
08,rss_longitudinal,0.9953703703703702,1.15,1.9,2.15,1.9,highd_external,frequency,RSS longitudinal,432,0.0,0.0,0.0
08,star,0.9893987964636786,1.45,2.15,2.55,2.15,highd_external,severity,Upper bound,432,0.0,0.0,0.0
08,pi,0.671341190786005,1.7,,,2.1,highd_external,severity,Weak TTC,432,0.3180576056776736,,-0.04999999999999982
08,pi_tuned,0.968196389391036,1.45,2.3,2.8,2.2,highd_external,severity,Strong TTC,432,0.021202407072642537,0.1499999999999999,0.050000000000000266
08,pi_sd,0.9893987964636786,1.45,2.15,2.55,2.15,highd_external,severity,Stopping-distance,432,0.0,0.0,0.0
08,rss_longitudinal,0.9893987964636786,1.45,2.15,2.55,2.15,highd_external,severity,RSS longitudinal,432,0.0,0.0,0.0
09,star,0.9999999999999994,1.2,1.9,2.2,1.9,highd_external,frequency,Upper bound,354,0.0,0.0,0.0
09,pi,0.7937853107344629,1.3,,,1.75,highd_external,frequency,Weak TTC,354,0.20621468926553654,,-0.1499999999999999
09,pi_tuned,0.9915254237288128,1.2,1.95,2.25,1.9,highd_external,frequency,Strong TTC,354,0.00847457627118664,0.050000000000000044,0.0
09,pi_sd,0.9999999999999994,1.2,1.9,2.2,1.9,highd_external,frequency,Stopping-distance,354,0.0,0.0,0.0
09,rss_longitudinal,0.9999999999999994,1.2,1.9,2.2,1.9,highd_external,frequency,RSS longitudinal,354,0.0,0.0,0.0
09,star,1.0,1.4,2.2,2.5,2.2,highd_external,severity,Upper bound,354,0.0,0.0,0.0
09,pi,0.6943339472148065,1.55,,,1.95,highd_external,severity,Weak TTC,354,0.30566605278519354,,-0.2500000000000002
09,pi_tuned,0.9809294114576161,1.4,2.3,2.85,2.2,highd_external,severity,Strong TTC,354,0.01907058854238386,0.09999999999999964,0.0
09,pi_sd,1.0,1.4,2.2,2.5,2.2,highd_external,severity,Stopping-distance,354,0.0,0.0,0.0
09,rss_longitudinal,1.0,1.4,2.2,2.5,2.2,highd_external,severity,RSS longitudinal,354,0.0,0.0,0.0
10,star,1.0,1.2,2.05,2.4,2.05,highd_external,frequency,Upper bound,213,0.0,0.0,0.0
10,pi,0.7183098591549297,1.4,,,1.85,highd_external,frequency,Weak TTC,213,0.28169014084507027,,-0.19999999999999973
10,pi_tuned,0.9953051643192488,1.2,2.15,2.55,2.15,highd_external,frequency,Strong TTC,213,0.0046948356807512415,0.10000000000000009,0.10000000000000009
10,pi_sd,1.0,1.2,2.05,2.4,2.05,highd_external,frequency,Stopping-distance,213,0.0,0.0,0.0
10,rss_longitudinal,1.0,1.2,2.05,2.4,2.05,highd_external,frequency,RSS longitudinal,213,0.0,0.0,0.0
10,star,0.9999999999999999,1.5,2.4,2.7,2.4,highd_external,severity,Upper bound,213,0.0,0.0,0.0
10,pi,0.580994152624912,1.9,,,2.2,highd_external,severity,Weak TTC,213,0.41900584737508784,,-0.19999999999999973
10,pi_tuned,0.9897970040572158,1.55,2.55,2.95,2.55,highd_external,severity,Strong TTC,213,0.010202995942784066,0.1499999999999999,0.1499999999999999
10,pi_sd,0.9999999999999999,1.5,2.4,2.7,2.4,highd_external,severity,Stopping-distance,213,0.0,0.0,0.0
10,rss_longitudinal,0.9999999999999999,1.5,2.4,2.7,2.4,highd_external,severity,RSS longitudinal,213,0.0,0.0,0.0
11,star,1.0000000000000002,1.1,1.9,2.3,1.9,highd_external,frequency,Upper bound,246,0.0,0.0,0.0
11,pi,0.5772357723577239,1.7,,,1.75,highd_external,frequency,Weak TTC,246,0.4227642276422763,,-0.1499999999999999
11,pi_tuned,0.9268292682926833,1.1,2.15,,1.75,highd_external,frequency,Strong TTC,246,0.07317073170731692,0.25,-0.1499999999999999
11,pi_sd,1.0000000000000002,1.1,1.95,2.3,1.95,highd_external,frequency,Stopping-distance,246,0.0,0.050000000000000044,0.050000000000000044
11,rss_longitudinal,1.0000000000000002,1.1,1.95,2.3,1.95,highd_external,frequency,RSS longitudinal,246,0.0,0.050000000000000044,0.050000000000000044
11,star,1.0,1.5,2.3,2.45,2.3,highd_external,severity,Upper bound,246,0.0,0.0,0.0
11,pi,0.43581926245469993,,,,1.85,highd_external,severity,Weak TTC,246,0.5641807375453001,,-0.44999999999999973
11,pi_tuned,0.838793609477178,1.55,,,1.95,highd_external,severity,Strong TTC,246,0.16120639052282204,,-0.34999999999999987
11,pi_sd,1.0,1.55,2.3,2.5,2.3,highd_external,severity,Stopping-distance,246,0.0,0.0,0.0
11,rss_longitudinal,1.0,1.55,2.3,2.5,2.3,highd_external,severity,RSS longitudinal,246,0.0,0.0,0.0
12,star,0.9652777777777779,1.15,2.05,2.8,1.95,highd_external,frequency,Upper bound,576,0.0,0.0,0.0
12,pi,0.5295138888888891,1.95,,,1.7,highd_external,frequency,Weak TTC,576,0.43576388888888884,,-0.25
12,pi_tuned,0.8940972222222225,1.15,,,1.75,highd_external,frequency,Strong TTC,576,0.07118055555555536,,-0.19999999999999996
12,pi_sd,0.9635416666666669,1.15,2.05,2.85,1.95,highd_external,frequency,Stopping-distance,576,0.0017361111111110494,0.0,0.0
12,rss_longitudinal,0.9583333333333335,1.15,2.1,3.05,1.95,highd_external,frequency,RSS longitudinal,576,0.00694444444444442,0.050000000000000266,0.0
12,star,0.9010909648830425,1.5,4.1,,2.3,highd_external,severity,Upper bound,576,0.0,0.0,0.0
12,pi,0.3850334414248155,,,,1.8,highd_external,severity,Weak TTC,576,0.516057523458227,,-0.4999999999999998
12,pi_tuned,0.755894386030024,1.5,,,2.05,highd_external,severity,Strong TTC,576,0.1451965788530185,,-0.25
12,pi_sd,0.8957109978427704,1.5,,,2.3,highd_external,severity,Stopping-distance,576,0.0053799670402721045,,0.0
12,rss_longitudinal,0.8897503029873274,1.5,,,2.3,highd_external,severity,RSS longitudinal,576,0.011340661895715143,,0.0
13,star,1.0,1.0,1.55,1.75,1.55,highd_external,frequency,Upper bound,471,0.0,0.0,0.0
13,pi,0.751592356687898,1.2,,,1.7,highd_external,frequency,Weak TTC,471,0.24840764331210197,,0.1499999999999999
13,pi_tuned,0.9957537154989384,1.0,1.55,1.8,1.55,highd_external,frequency,Strong TTC,471,0.00424628450106157,0.0,0.0
13,pi_sd,1.0,1.0,1.55,1.75,1.55,highd_external,frequency,Stopping-distance,471,0.0,0.0,0.0
13,rss_longitudinal,1.0,1.0,1.55,1.75,1.55,highd_external,frequency,RSS longitudinal,471,0.0,0.0,0.0
13,star,1.0,1.25,1.85,2.0,1.85,highd_external,severity,Upper bound,471,0.0,0.0,0.0
13,pi,0.704963116005944,1.4,,,1.75,highd_external,severity,Weak TTC,471,0.29503688399405603,,-0.10000000000000009
13,pi_tuned,0.9894761786889701,1.25,1.95,2.1,1.9,highd_external,severity,Strong TTC,471,0.010523821311029913,0.09999999999999987,0.04999999999999982
13,pi_sd,1.0,1.25,1.85,2.0,1.85,highd_external,severity,Stopping-distance,471,0.0,0.0,0.0
13,rss_longitudinal,1.0,1.25,1.85,2.0,1.85,highd_external,severity,RSS longitudinal,471,0.0,0.0,0.0
14,star,1.0,1.05,1.5,1.75,1.5,highd_external,frequency,Upper bound,384,0.0,0.0,0.0
14,pi,0.7161458333333333,1.25,,,1.65,highd_external,frequency,Weak TTC,384,0.28385416666666674,,0.1499999999999999
14,pi_tuned,0.9869791666666667,1.05,1.55,1.85,1.5,highd_external,frequency,Strong TTC,384,0.01302083333333326,0.050000000000000044,0.0
14,pi_sd,1.0,1.05,1.5,1.8,1.5,highd_external,frequency,Stopping-distance,384,0.0,0.0,0.0
14,rss_longitudinal,1.0,1.05,1.5,1.8,1.5,highd_external,frequency,RSS longitudinal,384,0.0,0.0,0.0
14,star,1.0,1.15,1.8,2.0,1.8,highd_external,severity,Upper bound,384,0.0,0.0,0.0
14,pi,0.6485889854397835,1.45,,,1.7,highd_external,severity,Weak TTC,384,0.3514110145602165,,-0.10000000000000009
14,pi_tuned,0.9701072747900478,1.2,1.85,2.15,1.7,highd_external,severity,Strong TTC,384,0.02989272520995223,0.050000000000000044,-0.10000000000000009
14,pi_sd,1.0,1.2,1.8,2.0,1.8,highd_external,severity,Stopping-distance,384,0.0,0.0,0.0
14,rss_longitudinal,1.0,1.2,1.8,2.0,1.8,highd_external,severity,RSS longitudinal,384,0.0,0.0,0.0
15,star,0.9958847736625507,1.3,2.05,2.35,2.05,highd_external,frequency,Upper bound,243,0.0,0.0,0.0
15,pi,0.6543209876543206,1.55,,,1.75,highd_external,frequency,Weak TTC,243,0.3415637860082301,,-0.2999999999999998
15,pi_tuned,0.9753086419753079,1.3,2.25,2.6,2.1,highd_external,frequency,Strong TTC,243,0.020576131687242816,0.20000000000000018,0.050000000000000266
15,pi_sd,0.9958847736625507,1.3,2.05,2.35,2.05,highd_external,frequency,Stopping-distance,243,0.0,0.0,0.0
15,rss_longitudinal,0.9958847736625507,1.3,2.05,2.35,2.05,highd_external,frequency,RSS longitudinal,243,0.0,0.0,0.0
15,star,0.9942847874626483,1.55,2.35,2.55,2.35,highd_external,severity,Upper bound,243,0.0,0.0,0.0
15,pi,0.5321447897609692,1.9,,,1.85,highd_external,severity,Weak TTC,243,0.462139997701679,,-0.5
15,pi_tuned,0.9646096900186586,1.55,2.55,3.35,2.4,highd_external,severity,Strong TTC,243,0.029675097443989662,0.19999999999999973,0.04999999999999982
15,pi_sd,0.9942847874626483,1.55,2.35,2.55,2.35,highd_external,severity,Stopping-distance,243,0.0,0.0,0.0
15,rss_longitudinal,0.9942847874626483,1.55,2.35,2.55,2.35,highd_external,severity,RSS longitudinal,243,0.0,0.0,0.0
16,star,0.989010989010989,1.35,2.05,2.55,2.05,highd_external,frequency,Upper bound,273,0.0,0.0,0.0
16,pi,0.6373626373626373,1.65,,,1.95,highd_external,frequency,Weak TTC,273,0.35164835164835173,,-0.09999999999999987
16,pi_tuned,0.9633699633699633,1.35,2.15,3.6,2.05,highd_external,frequency,Strong TTC,273,0.025641025641025772,0.10000000000000009,0.0
16,pi_sd,0.9853479853479854,1.35,2.1,2.65,2.05,highd_external,frequency,Stopping-distance,273,0.00366300366300365,0.050000000000000266,0.0
16,rss_longitudinal,0.989010989010989,1.35,2.1,2.65,2.05,highd_external,frequency,RSS longitudinal,273,0.0,0.050000000000000266,0.0
16,star,0.9775730972211518,1.6,2.5,2.9,2.5,highd_external,severity,Upper bound,273,0.0,0.0,0.0
16,pi,0.5401358439951501,2.2,,,2.15,highd_external,severity,Weak TTC,273,0.4374372532260017,,-0.3500000000000001
16,pi_tuned,0.9356397386789846,1.6,3.25,,2.3,highd_external,severity,Strong TTC,273,0.041933358542167176,0.75,-0.20000000000000018
16,pi_sd,0.9721661041675199,1.6,2.55,3.0,2.5,highd_external,severity,Stopping-distance,273,0.005406993053631903,0.04999999999999982,0.0
16,rss_longitudinal,0.9775730972211518,1.6,2.55,3.0,2.5,highd_external,severity,RSS longitudinal,273,0.0,0.04999999999999982,0.0
17,star,1.0,1.4,2.25,2.45,2.25,highd_external,frequency,Upper bound,249,0.0,0.0,0.0
17,pi,0.6265060240963856,1.8,,,2.15,highd_external,frequency,Weak TTC,249,0.37349397590361444,,-0.10000000000000009
17,pi_tuned,0.9638554216867472,1.4,2.4,2.95,2.2,highd_external,frequency,Strong TTC,249,0.036144578313252795,0.1499999999999999,-0.04999999999999982
17,pi_sd,1.0,1.4,2.25,2.5,2.25,highd_external,frequency,Stopping-distance,249,0.0,0.0,0.0
17,rss_longitudinal,1.0,1.4,2.25,2.5,2.25,highd_external,frequency,RSS longitudinal,249,0.0,0.0,0.0
17,star,0.9999999999999998,1.75,2.45,2.95,2.45,highd_external,severity,Upper bound,249,0.0,0.0,0.0
17,pi,0.5068377116521581,2.35,,,2.2,highd_external,severity,Weak TTC,249,0.4931622883478417,,-0.25
17,pi_tuned,0.9373820188938238,1.75,2.75,,2.4,highd_external,severity,Strong TTC,249,0.062617981106176,0.2999999999999998,-0.050000000000000266
17,pi_sd,0.9999999999999998,1.75,2.45,2.95,2.45,highd_external,severity,Stopping-distance,249,0.0,0.0,0.0
17,rss_longitudinal,0.9999999999999998,1.75,2.45,2.95,2.45,highd_external,severity,RSS longitudinal,249,0.0,0.0,0.0
18,star,1.0000000000000004,1.35,2.1,2.3,2.1,highd_external,frequency,Upper bound,141,0.0,0.0,0.0
18,pi,0.6028368794326243,1.75,,,1.95,highd_external,frequency,Weak TTC,141,0.3971631205673761,,-0.15000000000000013
18,pi_tuned,0.9716312056737593,1.35,2.2,2.5,2.15,highd_external,frequency,Strong TTC,141,0.028368794326241176,0.10000000000000009,0.04999999999999982
18,pi_sd,1.0000000000000004,1.35,2.1,2.3,2.1,highd_external,frequency,Stopping-distance,141,0.0,0.0,0.0
18,rss_longitudinal,1.0000000000000004,1.35,2.1,2.3,2.1,highd_external,frequency,RSS longitudinal,141,0.0,0.0,0.0
18,star,1.0,1.65,2.3,3.05,2.3,highd_external,severity,Upper bound,141,0.0,0.0,0.0
18,pi,0.4909508815132459,,,,2.05,highd_external,severity,Weak TTC,141,0.509049118486754,,-0.25
18,pi_tuned,0.9474583675596678,1.7,2.45,,2.35,highd_external,severity,Strong TTC,141,0.052541632440332164,0.15000000000000036,0.050000000000000266
18,pi_sd,1.0,1.65,2.3,3.05,2.3,highd_external,severity,Stopping-distance,141,0.0,0.0,0.0
18,rss_longitudinal,1.0,1.65,2.3,3.05,2.3,highd_external,severity,RSS longitudinal,141,0.0,0.0,0.0
19,star,0.9963369963369964,1.2,2.15,2.4,2.15,highd_external,frequency,Upper bound,273,0.0,0.0,0.0
19,pi,0.6923076923076923,1.45,,,1.75,highd_external,frequency,Weak TTC,273,0.30402930402930406,,-0.3999999999999999
19,pi_tuned,0.9816849816849818,1.2,2.25,2.55,2.2,highd_external,frequency,Strong TTC,273,0.0146520146520146,0.10000000000000009,0.050000000000000266
19,pi_sd,0.9963369963369964,1.2,2.15,2.4,2.15,highd_external,frequency,Stopping-distance,273,0.0,0.0,0.0
19,rss_longitudinal,0.9963369963369964,1.2,2.15,2.4,2.15,highd_external,frequency,RSS longitudinal,273,0.0,0.0,0.0
19,star,0.9917071218502762,1.5,2.45,2.6,2.4,highd_external,severity,Upper bound,273,0.0,0.0,0.0
19,pi,0.5617741521257886,1.8,,,1.85,highd_external,severity,Weak TTC,273,0.4299329697244876,,-0.5499999999999998
19,pi_tuned,0.9614278093382101,1.5,2.65,4.2,2.5,highd_external,severity,Strong TTC,273,0.03027931251206606,0.19999999999999973,0.10000000000000009
19,pi_sd,0.9917071218502762,1.5,2.45,2.6,2.4,highd_external,severity,Stopping-distance,273,0.0,0.0,0.0
19,rss_longitudinal,0.9917071218502762,1.5,2.45,2.6,2.4,highd_external,severity,RSS longitudinal,273,0.0,0.0,0.0
20,star,0.9916666666666665,1.15,2.1,2.55,2.05,highd_external,frequency,Upper bound,240,0.0,0.0,0.0
20,pi,0.6458333333333333,1.65,,,2.05,highd_external,frequency,Weak TTC,240,0.3458333333333332,,0.0
20,pi_tuned,0.9749999999999999,1.2,2.3,3.05,2.0,highd_external,frequency,Strong TTC,240,0.016666666666666607,0.19999999999999973,-0.04999999999999982
20,pi_sd,0.9916666666666665,1.15,2.1,2.55,2.05,highd_external,frequency,Stopping-distance,240,0.0,0.0,0.0
20,rss_longitudinal,0.9916666666666665,1.15,2.1,2.55,2.05,highd_external,frequency,RSS longitudinal,240,0.0,0.0,0.0
20,star,0.9848550914860816,1.65,2.7,2.95,2.5,highd_external,severity,Upper bound,240,0.0,0.0,0.0
20,pi,0.5459850665055672,2.3,,,2.1,highd_external,severity,Weak TTC,240,0.4388700249805144,,-0.3999999999999999
20,pi_tuned,0.9577774985528487,1.65,2.95,4.2,2.75,highd_external,severity,Strong TTC,240,0.027077592933232975,0.25,0.25
20,pi_sd,0.9848550914860816,1.65,2.7,2.95,2.5,highd_external,severity,Stopping-distance,240,0.0,0.0,0.0
20,rss_longitudinal,0.9848550914860816,1.65,2.7,2.95,2.5,highd_external,severity,RSS longitudinal,240,0.0,0.0,0.0
21,star,0.9999999999999996,1.3,2.05,2.3,2.05,highd_external,frequency,Upper bound,264,0.0,0.0,0.0
21,pi,0.7007575757575755,1.45,,,1.9,highd_external,frequency,Weak TTC,264,0.2992424242424241,,-0.1499999999999999
21,pi_tuned,0.9772727272727268,1.3,2.1,2.6,2.05,highd_external,frequency,Strong TTC,264,0.022727272727272707,0.050000000000000266,0.0
21,pi_sd,0.9999999999999996,1.3,2.05,2.35,2.05,highd_external,frequency,Stopping-distance,264,0.0,0.0,0.0
21,rss_longitudinal,0.9999999999999996,1.3,2.05,2.35,2.05,highd_external,frequency,RSS longitudinal,264,0.0,0.0,0.0
21,star,1.0,1.55,2.3,2.45,2.3,highd_external,severity,Upper bound,264,0.0,0.0,0.0
21,pi,0.5866887271964216,1.95,,,2.1,highd_external,severity,Weak TTC,264,0.4133112728035784,,-0.19999999999999973
21,pi_tuned,0.9647817653811255,1.55,2.5,3.15,2.15,highd_external,severity,Strong TTC,264,0.03521823461887452,0.20000000000000018,-0.1499999999999999
21,pi_sd,1.0,1.55,2.3,2.45,2.3,highd_external,severity,Stopping-distance,264,0.0,0.0,0.0
21,rss_longitudinal,1.0,1.55,2.3,2.45,2.3,highd_external,severity,RSS longitudinal,264,0.0,0.0,0.0
22,star,0.9999999999999999,1.3,2.05,2.15,2.05,highd_external,frequency,Upper bound,114,0.0,0.0,0.0
22,pi,0.5263157894736841,2.0,,,1.85,highd_external,frequency,Weak TTC,114,0.4736842105263158,,-0.19999999999999973
22,pi_tuned,0.9912280701754385,1.3,2.1,2.35,2.1,highd_external,frequency,Strong TTC,114,0.00877192982456143,0.050000000000000266,0.050000000000000266
22,pi_sd,0.9999999999999999,1.3,2.05,2.15,2.05,highd_external,frequency,Stopping-distance,114,0.0,0.0,0.0
22,rss_longitudinal,0.9999999999999999,1.3,2.05,2.15,2.05,highd_external,frequency,RSS longitudinal,114,0.0,0.0,0.0
22,star,1.0,1.5,2.15,2.35,2.15,highd_external,severity,Upper bound,114,0.0,0.0,0.0
22,pi,0.4550807338343897,,,,1.9,highd_external,severity,Weak TTC,114,0.5449192661656104,,-0.25
22,pi_tuned,0.982390432155899,1.55,2.35,2.55,2.3,highd_external,severity,Strong TTC,114,0.01760956784410095,0.20000000000000018,0.1499999999999999
22,pi_sd,1.0,1.55,2.15,2.4,2.15,highd_external,severity,Stopping-distance,114,0.0,0.0,0.0
22,rss_longitudinal,1.0,1.55,2.15,2.4,2.15,highd_external,severity,RSS longitudinal,114,0.0,0.0,0.0
23,star,1.0,1.15,1.8,2.05,1.8,highd_external,frequency,Upper bound,285,0.0,0.0,0.0
23,pi,0.6947368421052631,1.45,,,1.75,highd_external,frequency,Weak TTC,285,0.3052631578947369,,-0.050000000000000044
23,pi_tuned,0.9719298245614036,1.15,1.9,2.3,1.8,highd_external,frequency,Strong TTC,285,0.028070175438596356,0.09999999999999987,0.0
23,pi_sd,1.0,1.15,1.85,2.1,1.85,highd_external,frequency,Stopping-distance,285,0.0,0.050000000000000044,0.050000000000000044
23,rss_longitudinal,1.0,1.15,1.85,2.1,1.85,highd_external,frequency,RSS longitudinal,285,0.0,0.050000000000000044,0.050000000000000044
23,star,0.9999999999999998,1.4,2.1,2.55,2.1,highd_external,severity,Upper bound,285,0.0,0.0,0.0
23,pi,0.6293756336128351,1.65,,,1.8,highd_external,severity,Weak TTC,285,0.37062436638716467,,-0.30000000000000004
23,pi_tuned,0.9473279249860094,1.45,2.35,,2.1,highd_external,severity,Strong TTC,285,0.052672075013990405,0.25,0.0
23,pi_sd,0.9999999999999998,1.4,2.1,2.55,2.1,highd_external,severity,Stopping-distance,285,0.0,0.0,0.0
23,rss_longitudinal,0.9999999999999998,1.4,2.1,2.55,2.1,highd_external,severity,RSS longitudinal,285,0.0,0.0,0.0
24,star,0.9999999999999998,1.2,2.0,2.45,2.0,highd_external,frequency,Upper bound,282,0.0,0.0,0.0
24,pi,0.6843971631205672,1.35,,,1.8,highd_external,frequency,Weak TTC,282,0.3156028368794326,,-0.19999999999999996
24,pi_tuned,0.957446808510638,1.2,2.05,2.85,1.9,highd_external,frequency,Strong TTC,282,0.042553191489361764,0.04999999999999982,-0.10000000000000009
24,pi_sd,0.9999999999999998,1.2,2.0,2.45,2.0,highd_external,frequency,Stopping-distance,282,0.0,0.0,0.0
24,rss_longitudinal,0.9999999999999998,1.2,2.0,2.45,2.0,highd_external,frequency,RSS longitudinal,282,0.0,0.0,0.0
24,star,1.0,1.55,2.5,3.0,2.5,highd_external,severity,Upper bound,282,0.0,0.0,0.0
24,pi,0.5350516352700064,2.15,,,2.05,highd_external,severity,Weak TTC,282,0.46494836472999357,,-0.4500000000000002
24,pi_tuned,0.9117728787033659,1.55,2.85,,2.1,highd_external,severity,Strong TTC,282,0.08822712129663413,0.3500000000000001,-0.3999999999999999
24,pi_sd,1.0,1.55,2.5,3.0,2.5,highd_external,severity,Stopping-distance,282,0.0,0.0,0.0
24,rss_longitudinal,1.0,1.55,2.5,3.0,2.5,highd_external,severity,RSS longitudinal,282,0.0,0.0,0.0
25,star,0.999170812603649,1.05,1.5,1.65,1.5,highd_external,frequency,Upper bound,2412,0.0,0.0,0.0
25,pi,0.54726368159204,1.75,,,1.7,highd_external,frequency,Weak TTC,2412,0.45190713101160906,,0.19999999999999996
25,pi_tuned,0.9805140961857385,1.05,1.55,1.8,1.5,highd_external,frequency,Strong TTC,2412,0.018656716417910557,0.050000000000000044,0.0
25,pi_sd,0.9875621890547268,1.05,1.5,1.7,1.5,highd_external,frequency,Stopping-distance,2412,0.011608623548922226,0.0,0.0
25,rss_longitudinal,0.9738805970149258,1.05,1.55,1.8,1.5,highd_external,frequency,RSS longitudinal,2412,0.02529021558872324,0.050000000000000044,0.0
25,star,0.9938800843876696,1.15,1.75,1.95,1.75,highd_external,severity,Upper bound,2412,0.0,0.0,0.0
25,pi,0.5182831084965638,2.0,,,1.75,highd_external,severity,Weak TTC,2412,0.47559697589110583,,0.0
25,pi_tuned,0.9597340857056642,1.2,1.85,2.2,1.7,highd_external,severity,Strong TTC,2412,0.03414599868200541,0.10000000000000009,-0.050000000000000044
25,pi_sd,0.9793428342357888,1.15,1.8,2.05,1.75,highd_external,severity,Stopping-distance,2412,0.014537250151880787,0.050000000000000044,0.0
25,rss_longitudinal,0.9649511416893677,1.15,1.85,2.35,1.7,highd_external,severity,RSS longitudinal,2412,0.02892894269830193,0.10000000000000009,-0.050000000000000044
26,star,0.9965095986038391,1.2,2.0,2.4,2.0,highd_external,frequency,Upper bound,1719,0.0,0.0,0.0
26,pi,0.5107620709714948,2.1,,,1.65,highd_external,frequency,Weak TTC,1719,0.4857475276323443,,-0.3500000000000001
26,pi_tuned,0.9377545084351364,1.2,2.35,,1.9,highd_external,frequency,Strong TTC,1719,0.05875509016870273,0.3500000000000001,-0.10000000000000009
26,pi_sd,0.984874927283304,1.2,2.05,2.5,2.0,highd_external,frequency,Stopping-distance,1719,0.011634671320535195,0.04999999999999982,0.0
26,rss_longitudinal,0.9744037230948224,1.2,2.1,2.75,2.0,highd_external,frequency,RSS longitudinal,1719,0.02210587550901677,0.10000000000000009,0.0
26,star,0.9891903530527453,1.55,2.7,3.2,2.6,highd_external,severity,Upper bound,1719,0.0,0.0,0.0
26,pi,0.38197093943570504,,,,1.75,highd_external,severity,Weak TTC,1719,0.6072194136170402,,-0.8500000000000001
26,pi_tuned,0.8523482904304366,1.55,,,2.35,highd_external,severity,Strong TTC,1719,0.1368420626223087,,-0.25
26,pi_sd,0.966758043576306,1.55,2.85,3.65,2.55,highd_external,severity,Stopping-distance,1719,0.02243230947643926,0.1499999999999999,-0.050000000000000266
26,rss_longitudinal,0.9559295277094703,1.55,2.95,4.05,2.6,highd_external,severity,RSS longitudinal,1719,0.03326082534327501,0.25,0.0
27,star,0.9949494949494946,1.15,1.9,2.2,1.85,highd_external,frequency,Upper bound,396,0.0,0.0,0.0
27,pi,0.6439393939393937,1.45,,,1.75,highd_external,frequency,Weak TTC,396,0.3510101010101009,,-0.10000000000000009
27,pi_tuned,0.9570707070707067,1.15,1.95,2.8,1.8,highd_external,frequency,Strong TTC,396,0.037878787878787845,0.050000000000000044,-0.050000000000000044
27,pi_sd,0.9949494949494946,1.15,1.9,2.25,1.9,highd_external,frequency,Stopping-distance,396,0.0,0.0,0.04999999999999982
27,rss_longitudinal,0.9924242424242422,1.15,1.9,2.25,1.85,highd_external,frequency,RSS longitudinal,396,0.002525252525252375,0.0,0.0
27,star,0.9867932448736119,1.4,2.3,2.7,2.25,highd_external,severity,Upper bound,396,0.0,0.0,0.0
27,pi,0.5463193526486964,2.0,,,1.95,highd_external,severity,Weak TTC,396,0.4404738922249155,,-0.30000000000000004
27,pi_tuned,0.91240921952797,1.4,2.8,,2.05,highd_external,severity,Strong TTC,396,0.07438402534564181,0.5,-0.20000000000000018
27,pi_sd,0.9867932448736119,1.4,2.4,2.7,2.25,highd_external,severity,Stopping-distance,396,0.0,0.10000000000000009,0.0
27,rss_longitudinal,0.9807056836469946,1.4,2.4,2.8,2.25,highd_external,severity,RSS longitudinal,396,0.006087561226617244,0.10000000000000009,0.0
28,star,1.0,1.0,1.5,1.8,1.5,highd_external,frequency,Upper bound,366,0.0,0.0,0.0
28,pi,0.7568306010928961,1.15,,,1.55,highd_external,frequency,Weak TTC,366,0.24316939890710387,,0.050000000000000044
28,pi_tuned,0.9863387978142076,1.0,1.5,1.8,1.5,highd_external,frequency,Strong TTC,366,0.013661202185792365,0.0,0.0
28,pi_sd,1.0,1.0,1.5,1.8,1.5,highd_external,frequency,Stopping-distance,366,0.0,0.0,0.0
28,rss_longitudinal,1.0,1.0,1.5,1.8,1.5,highd_external,frequency,RSS longitudinal,366,0.0,0.0,0.0
28,star,1.0,1.15,1.85,2.6,1.85,highd_external,severity,Upper bound,366,0.0,0.0,0.0
28,pi,0.7034442108670718,1.35,,,1.8,highd_external,severity,Weak TTC,366,0.29655578913292824,,-0.050000000000000044
28,pi_tuned,0.9666434100622745,1.2,1.95,2.75,1.75,highd_external,severity,Strong TTC,366,0.0333565899377255,0.09999999999999987,-0.10000000000000009
28,pi_sd,1.0,1.15,1.85,2.6,1.85,highd_external,severity,Stopping-distance,366,0.0,0.0,0.0
28,rss_longitudinal,1.0,1.15,1.85,2.6,1.85,highd_external,severity,RSS longitudinal,366,0.0,0.0,0.0
29,star,0.9999999999999997,1.05,1.65,1.8,1.65,highd_external,frequency,Upper bound,402,0.0,0.0,0.0
29,pi,0.7313432835820892,1.3,,,1.8,highd_external,frequency,Weak TTC,402,0.26865671641791045,,0.15000000000000013
29,pi_tuned,0.9950248756218902,1.1,1.65,1.85,1.65,highd_external,frequency,Strong TTC,402,0.00497512437810943,0.0,0.0
29,pi_sd,0.9999999999999997,1.1,1.65,1.8,1.65,highd_external,frequency,Stopping-distance,402,0.0,0.0,0.0
29,rss_longitudinal,0.997512437810945,1.1,1.65,1.8,1.65,highd_external,frequency,RSS longitudinal,402,0.0024875621890546595,0.0,0.0
29,star,1.0,1.25,1.8,1.95,1.8,highd_external,severity,Upper bound,402,0.0,0.0,0.0
29,pi,0.7111106114067369,1.5,,,2.0,highd_external,severity,Weak TTC,402,0.2888893885932631,,0.19999999999999996
29,pi_tuned,0.9929286075612581,1.25,1.85,2.05,1.85,highd_external,severity,Strong TTC,402,0.007071392438741886,0.050000000000000044,0.050000000000000044
29,pi_sd,1.0,1.25,1.8,2.0,1.8,highd_external,severity,Stopping-distance,402,0.0,0.0,0.0
29,rss_longitudinal,0.9957660999380082,1.25,1.8,2.0,1.8,highd_external,severity,RSS longitudinal,402,0.004233900061991758,0.0,0.0
30,star,0.9999999999999992,1.0,1.6,1.85,1.6,highd_external,frequency,Upper bound,429,0.0,0.0,0.0
30,pi,0.7272727272727268,1.25,,,1.75,highd_external,frequency,Weak TTC,429,0.2727272727272724,,0.1499999999999999
30,pi_tuned,0.9953379953379946,1.0,1.65,1.95,1.6,highd_external,frequency,Strong TTC,429,0.004662004662004615,0.04999999999999982,0.0
30,pi_sd,0.9999999999999992,1.0,1.6,1.9,1.6,highd_external,frequency,Stopping-distance,429,0.0,0.0,0.0
30,rss_longitudinal,0.9999999999999992,1.0,1.6,1.9,1.6,highd_external,frequency,RSS longitudinal,429,0.0,0.0,0.0
30,star,1.0,1.2,2.0,2.1,2.0,highd_external,severity,Upper bound,429,0.0,0.0,0.0
30,pi,0.6712257721302881,1.5,,,1.8,highd_external,severity,Weak TTC,429,0.3287742278697119,,-0.19999999999999996
30,pi_tuned,0.9900428146786293,1.2,2.05,2.2,2.05,highd_external,severity,Strong TTC,429,0.009957185321370687,0.04999999999999982,0.04999999999999982
30,pi_sd,1.0,1.2,2.0,2.1,2.0,highd_external,severity,Stopping-distance,429,0.0,0.0,0.0
30,rss_longitudinal,1.0,1.2,2.0,2.1,2.0,highd_external,severity,RSS longitudinal,429,0.0,0.0,0.0
31,star,1.0,1.15,1.65,1.95,1.65,highd_external,frequency,Upper bound,507,0.0,0.0,0.0
31,pi,0.7001972386587771,1.4,,,1.8,highd_external,frequency,Weak TTC,507,0.29980276134122286,,0.15000000000000013
31,pi_tuned,0.9664694280078896,1.15,1.75,2.15,1.6,highd_external,frequency,Strong TTC,507,0.0335305719921104,0.10000000000000009,-0.04999999999999982
31,pi_sd,1.0,1.15,1.65,1.95,1.65,highd_external,frequency,Stopping-distance,507,0.0,0.0,0.0
31,rss_longitudinal,1.0,1.15,1.65,1.95,1.65,highd_external,frequency,RSS longitudinal,507,0.0,0.0,0.0
31,star,1.0,1.3,1.95,2.15,1.95,highd_external,severity,Upper bound,507,0.0,0.0,0.0
31,pi,0.6369249552806205,1.6,,,1.85,highd_external,severity,Weak TTC,507,0.36307504471937946,,-0.09999999999999987
31,pi_tuned,0.9453826454434924,1.3,2.1,,1.85,highd_external,severity,Strong TTC,507,0.054617354556507625,0.15000000000000013,-0.09999999999999987
31,pi_sd,1.0,1.3,1.95,2.15,1.95,highd_external,severity,Stopping-distance,507,0.0,0.0,0.0
31,rss_longitudinal,1.0,1.3,1.95,2.15,1.95,highd_external,severity,RSS longitudinal,507,0.0,0.0,0.0
32,star,1.0000000000000002,1.1,1.65,1.85,1.65,highd_external,frequency,Upper bound,288,0.0,0.0,0.0
32,pi,0.7986111111111113,1.25,,,1.65,highd_external,frequency,Weak TTC,288,0.20138888888888895,,0.0
32,pi_tuned,0.9895833333333335,1.1,1.65,1.85,1.65,highd_external,frequency,Strong TTC,288,0.01041666666666674,0.0,0.0
32,pi_sd,1.0000000000000002,1.1,1.65,1.85,1.65,highd_external,frequency,Stopping-distance,288,0.0,0.0,0.0
32,rss_longitudinal,1.0000000000000002,1.1,1.65,1.85,1.65,highd_external,frequency,RSS longitudinal,288,0.0,0.0,0.0
32,star,0.9999999999999998,1.3,1.85,1.9,1.85,highd_external,severity,Upper bound,288,0.0,0.0,0.0
32,pi,0.7654390539553688,1.4,,,1.8,highd_external,severity,Weak TTC,288,0.23456094604463096,,-0.050000000000000044
32,pi_tuned,0.9816233454245005,1.3,1.85,2.0,1.8,highd_external,severity,Strong TTC,288,0.018376654575499307,0.0,-0.050000000000000044
32,pi_sd,0.9999999999999998,1.3,1.85,1.9,1.85,highd_external,severity,Stopping-distance,288,0.0,0.0,0.0
32,rss_longitudinal,0.9999999999999998,1.3,1.85,1.9,1.85,highd_external,severity,RSS longitudinal,288,0.0,0.0,0.0
33,star,0.9999999999999994,1.05,1.5,1.7,1.5,highd_external,frequency,Upper bound,441,0.0,0.0,0.0
33,pi,0.807256235827664,1.15,,,1.7,highd_external,frequency,Weak TTC,441,0.1927437641723354,,0.19999999999999996
33,pi_tuned,0.9954648526077091,1.05,1.55,1.7,1.5,highd_external,frequency,Strong TTC,441,0.0045351473922903285,0.050000000000000044,0.0
33,pi_sd,0.9999999999999994,1.05,1.5,1.7,1.5,highd_external,frequency,Stopping-distance,441,0.0,0.0,0.0
33,rss_longitudinal,0.9999999999999994,1.05,1.5,1.7,1.5,highd_external,frequency,RSS longitudinal,441,0.0,0.0,0.0
33,star,1.0,1.15,1.75,1.9,1.75,highd_external,severity,Upper bound,441,0.0,0.0,0.0
33,pi,0.7789453559455553,1.3,,,1.75,highd_external,severity,Weak TTC,441,0.22105464405444475,,0.0
33,pi_tuned,0.9872130581633738,1.15,1.75,1.95,1.7,highd_external,severity,Strong TTC,441,0.012786941836626209,0.0,-0.050000000000000044
33,pi_sd,1.0,1.15,1.75,1.9,1.75,highd_external,severity,Stopping-distance,441,0.0,0.0,0.0
33,rss_longitudinal,1.0,1.15,1.75,1.9,1.75,highd_external,severity,RSS longitudinal,441,0.0,0.0,0.0
34,star,0.978142076502732,1.1,1.95,2.3,1.85,highd_external,frequency,Upper bound,366,0.0,0.0,0.0
34,pi,0.6693989071038252,1.3,,,1.7,highd_external,frequency,Weak TTC,366,0.3087431693989068,,-0.15000000000000013
34,pi_tuned,0.9398907103825136,1.1,2.05,,1.6,highd_external,frequency,Strong TTC,366,0.0382513661202184,0.09999999999999987,-0.25
34,pi_sd,0.978142076502732,1.1,1.95,2.35,1.85,highd_external,frequency,Stopping-distance,366,0.0,0.0,0.0
34,rss_longitudinal,0.978142076502732,1.1,1.95,2.35,1.85,highd_external,frequency,RSS longitudinal,366,0.0,0.0,0.0
34,star,0.9387787222187709,1.35,2.6,,2.15,highd_external,severity,Upper bound,366,0.0,0.0,0.0
34,pi,0.5346886301201321,1.95,,,1.85,highd_external,severity,Weak TTC,366,0.4040900920986388,,-0.2999999999999998
34,pi_tuned,0.8578072019123935,1.35,,,2.1,highd_external,severity,Strong TTC,366,0.08097152030637744,,-0.04999999999999982
34,pi_sd,0.9387787222187709,1.35,2.65,,2.15,highd_external,severity,Stopping-distance,366,0.0,0.04999999999999982,0.0
34,rss_longitudinal,0.9387787222187709,1.35,2.65,,2.15,highd_external,severity,RSS longitudinal,366,0.0,0.04999999999999982,0.0
35,star,0.9973958333333335,1.05,1.85,2.1,1.8,highd_external,frequency,Upper bound,384,0.0,0.0,0.0
35,pi,0.7421874999999999,1.25,,,1.7,highd_external,frequency,Weak TTC,384,0.2552083333333336,,-0.10000000000000009
35,pi_tuned,0.9557291666666669,1.05,1.85,2.4,1.7,highd_external,frequency,Strong TTC,384,0.04166666666666663,0.0,-0.10000000000000009
35,pi_sd,0.9947916666666667,1.05,1.85,2.15,1.8,highd_external,frequency,Stopping-distance,384,0.0026041666666667407,0.0,0.0
35,rss_longitudinal,0.9895833333333335,1.05,1.85,2.15,1.8,highd_external,frequency,RSS longitudinal,384,0.0078125,0.0,0.0
35,star,0.9924670393623551,1.35,2.15,2.55,2.15,highd_external,severity,Upper bound,384,0.0,0.0,0.0
35,pi,0.6475771015266244,1.55,,,1.8,highd_external,severity,Weak TTC,384,0.34488993783573074,,-0.34999999999999987
35,pi_tuned,0.9009165828399133,1.35,2.6,,1.9,highd_external,severity,Strong TTC,384,0.09155045652244187,0.4500000000000002,-0.25
35,pi_sd,0.9863779978179581,1.35,2.15,2.6,2.15,highd_external,severity,Stopping-distance,384,0.006089041544397045,0.0,0.0
35,rss_longitudinal,0.9766269715524207,1.35,2.2,3.15,2.15,highd_external,severity,RSS longitudinal,384,0.01584006780993441,0.050000000000000266,0.0
36,star,0.9914802981895634,1.35,2.45,2.95,2.4,highd_external,frequency,Upper bound,939,0.0,0.0,0.0
36,pi,0.4920127795527157,,,,1.75,highd_external,frequency,Weak TTC,939,0.4994675186368477,,-0.6499999999999999
36,pi_tuned,0.8828541001064963,1.4,,,2.15,highd_external,frequency,Strong TTC,939,0.10862619808306706,,-0.25
36,pi_sd,0.9627263045793399,1.4,2.55,3.15,2.35,highd_external,frequency,Stopping-distance,939,0.02875399361022346,0.09999999999999964,-0.04999999999999982
36,rss_longitudinal,0.964856230031949,1.4,2.55,3.3,2.4,highd_external,frequency,RSS longitudinal,939,0.026624068157614422,0.09999999999999964,0.0
36,star,0.9830894718176807,1.75,2.95,3.35,2.8,highd_external,severity,Upper bound,939,0.0,0.0,0.0
36,pi,0.3454665281271211,,,,1.85,highd_external,severity,Weak TTC,939,0.6376229436905596,,-0.9499999999999997
36,pi_tuned,0.8026630776329577,1.8,,,2.6,highd_external,severity,Strong TTC,939,0.18042639418472295,,-0.19999999999999973
36,pi_sd,0.9343174609470899,1.75,3.05,,2.6,highd_external,severity,Stopping-distance,939,0.0487720108705908,0.09999999999999964,-0.19999999999999973
36,rss_longitudinal,0.9447696620285412,1.75,3.1,,2.75,highd_external,severity,RSS longitudinal,939,0.038319809789139514,0.1499999999999999,-0.04999999999999982
37,star,1.0,1.05,1.55,1.75,1.55,highd_external,frequency,Upper bound,339,0.0,0.0,0.0
37,pi,0.7994100294985254,1.2,,,1.65,highd_external,frequency,Weak TTC,339,0.20058997050147465,,0.09999999999999987
37,pi_tuned,0.9970501474926255,1.05,1.55,1.8,1.55,highd_external,frequency,Strong TTC,339,0.002949852507374451,0.0,0.0
37,pi_sd,1.0,1.05,1.55,1.75,1.55,highd_external,frequency,Stopping-distance,339,0.0,0.0,0.0
37,rss_longitudinal,1.0,1.05,1.55,1.75,1.55,highd_external,frequency,RSS longitudinal,339,0.0,0.0,0.0
37,star,1.0,1.2,1.8,2.0,1.8,highd_external,severity,Upper bound,339,0.0,0.0,0.0
37,pi,0.7790785822348594,1.35,,,1.85,highd_external,severity,Weak TTC,339,0.22092141776514063,,0.050000000000000044
37,pi_tuned,0.9903218316757509,1.25,1.85,2.0,1.75,highd_external,severity,Strong TTC,339,0.009678168324249059,0.050000000000000044,-0.050000000000000044
37,pi_sd,1.0,1.2,1.8,2.0,1.8,highd_external,severity,Stopping-distance,339,0.0,0.0,0.0
37,rss_longitudinal,1.0,1.2,1.8,2.0,1.8,highd_external,severity,RSS longitudinal,339,0.0,0.0,0.0
38,star,0.9951690821256037,1.05,1.65,1.95,1.6,highd_external,frequency,Upper bound,414,0.0,0.0,0.0
38,pi,0.7415458937198065,1.25,,,1.65,highd_external,frequency,Weak TTC,414,0.25362318840579723,,0.04999999999999982
38,pi_tuned,0.9903381642512076,1.05,1.7,2.05,1.6,highd_external,frequency,Strong TTC,414,0.004830917874396157,0.050000000000000044,0.0
38,pi_sd,0.9951690821256037,1.05,1.65,1.95,1.6,highd_external,frequency,Stopping-distance,414,0.0,0.0,0.0
38,rss_longitudinal,0.9951690821256037,1.05,1.65,1.95,1.6,highd_external,frequency,RSS longitudinal,414,0.0,0.0,0.0
38,star,0.9849494933565585,1.25,2.05,2.25,1.95,highd_external,severity,Upper bound,414,0.0,0.0,0.0
38,pi,0.6658465311147705,1.5,,,1.75,highd_external,severity,Weak TTC,414,0.3191029622417879,,-0.19999999999999996
38,pi_tuned,0.9746933217655938,1.25,2.15,2.4,2.0,highd_external,severity,Strong TTC,414,0.010256171590964702,0.10000000000000009,0.050000000000000044
38,pi_sd,0.9849494933565585,1.25,2.05,2.25,1.95,highd_external,severity,Stopping-distance,414,0.0,0.0,0.0
38,rss_longitudinal,0.9849494933565585,1.25,2.05,2.25,1.95,highd_external,severity,RSS longitudinal,414,0.0,0.0,0.0
39,star,1.0000000000000002,1.15,1.9,2.1,1.9,highd_external,frequency,Upper bound,348,0.0,0.0,0.0
39,pi,0.6637931034482762,1.4,,,1.8,highd_external,frequency,Weak TTC,348,0.336206896551724,,-0.09999999999999987
39,pi_tuned,0.9942528735632186,1.15,1.9,2.2,1.9,highd_external,frequency,Strong TTC,348,0.005747126436781658,0.0,0.0
39,pi_sd,1.0000000000000002,1.15,1.9,2.1,1.9,highd_external,frequency,Stopping-distance,348,0.0,0.0,0.0
39,rss_longitudinal,1.0000000000000002,1.15,1.9,2.1,1.9,highd_external,frequency,RSS longitudinal,348,0.0,0.0,0.0
39,star,1.0,1.4,2.1,2.4,2.1,highd_external,severity,Upper bound,348,0.0,0.0,0.0
39,pi,0.556871053489391,2.0,,,2.0,highd_external,severity,Weak TTC,348,0.44312894651060897,,-0.10000000000000009
39,pi_tuned,0.9853577502915556,1.4,2.25,2.75,2.2,highd_external,severity,Strong TTC,348,0.01464224970844441,0.1499999999999999,0.10000000000000009
39,pi_sd,1.0,1.4,2.1,2.4,2.1,highd_external,severity,Stopping-distance,348,0.0,0.0,0.0
39,rss_longitudinal,1.0,1.4,2.1,2.4,2.1,highd_external,severity,RSS longitudinal,348,0.0,0.0,0.0
40,star,0.9976689976689977,1.3,1.9,2.05,1.9,highd_external,frequency,Upper bound,429,0.0,0.0,0.0
40,pi,0.6013986013986015,1.75,,,1.9,highd_external,frequency,Weak TTC,429,0.3962703962703963,,0.0
40,pi_tuned,0.9836829836829839,1.3,1.95,2.2,1.95,highd_external,frequency,Strong TTC,429,0.013986013986013845,0.050000000000000044,0.050000000000000044
40,pi_sd,0.9976689976689977,1.3,1.9,2.1,1.9,highd_external,frequency,Stopping-distance,429,0.0,0.0,0.0
40,rss_longitudinal,0.9953379953379955,1.3,1.9,2.1,1.9,highd_external,frequency,RSS longitudinal,429,0.002331002331002252,0.0,0.0
40,star,0.9955749001451706,1.45,2.05,2.15,2.05,highd_external,severity,Upper bound,429,0.0,0.0,0.0
40,pi,0.5600281905638622,1.9,,,1.9,highd_external,severity,Weak TTC,429,0.43554670958130837,,-0.1499999999999999
40,pi_tuned,0.9722101082725733,1.45,2.1,2.35,2.1,highd_external,severity,Strong TTC,429,0.023364791872597324,0.050000000000000266,0.050000000000000266
40,pi_sd,0.9955749001451706,1.45,2.05,2.15,2.05,highd_external,severity,Stopping-distance,429,0.0,0.0,0.0
40,rss_longitudinal,0.9911498002903414,1.45,2.05,2.15,2.0,highd_external,severity,RSS longitudinal,429,0.004425099854829195,0.0,-0.04999999999999982
41,star,1.0000000000000002,1.15,1.65,1.85,1.65,highd_external,frequency,Upper bound,405,0.0,0.0,0.0
41,pi,0.6691358024691357,1.4,,,1.7,highd_external,frequency,Weak TTC,405,0.3308641975308645,,0.050000000000000044
41,pi_tuned,0.9950617283950618,1.15,1.7,1.95,1.65,highd_external,frequency,Strong TTC,405,0.004938271604938427,0.050000000000000044,0.0
41,pi_sd,1.0000000000000002,1.15,1.65,1.85,1.65,highd_external,frequency,Stopping-distance,405,0.0,0.0,0.0
41,rss_longitudinal,1.0000000000000002,1.15,1.65,1.85,1.65,highd_external,frequency,RSS longitudinal,405,0.0,0.0,0.0
41,star,1.0,1.3,1.85,2.2,1.85,highd_external,severity,Upper bound,405,0.0,0.0,0.0
41,pi,0.620411170198309,1.6,,,1.8,highd_external,severity,Weak TTC,405,0.37958882980169095,,-0.050000000000000044
41,pi_tuned,0.9861786491430341,1.3,1.95,2.35,1.9,highd_external,severity,Strong TTC,405,0.013821350856965897,0.09999999999999987,0.04999999999999982
41,pi_sd,1.0,1.3,1.85,2.2,1.85,highd_external,severity,Stopping-distance,405,0.0,0.0,0.0
41,rss_longitudinal,1.0,1.3,1.85,2.2,1.85,highd_external,severity,RSS longitudinal,405,0.0,0.0,0.0
42,star,0.9964912280701755,1.15,1.75,2.1,1.7,highd_external,frequency,Upper bound,285,0.0,0.0,0.0
42,pi,0.7122807017543858,1.3,,,1.6,highd_external,frequency,Weak TTC,285,0.2842105263157897,,-0.09999999999999987
42,pi_tuned,0.992982456140351,1.15,1.75,2.2,1.7,highd_external,frequency,Strong TTC,285,0.0035087719298245723,0.0,0.0
42,pi_sd,0.9964912280701755,1.15,1.75,2.1,1.7,highd_external,frequency,Stopping-distance,285,0.0,0.0,0.0
42,rss_longitudinal,0.9964912280701755,1.15,1.75,2.1,1.7,highd_external,frequency,RSS longitudinal,285,0.0,0.0,0.0
42,star,0.9904649289075537,1.35,2.1,2.35,2.1,highd_external,severity,Upper bound,285,0.0,0.0,0.0
42,pi,0.6101134916876036,1.55,,,1.7,highd_external,severity,Weak TTC,285,0.38035143721995,,-0.40000000000000013
42,pi_tuned,0.9809298578151073,1.35,2.25,2.6,2.2,highd_external,severity,Strong TTC,285,0.009535071092446334,0.1499999999999999,0.10000000000000009
42,pi_sd,0.9904649289075537,1.35,2.1,2.35,2.1,highd_external,severity,Stopping-distance,285,0.0,0.0,0.0
42,rss_longitudinal,0.9904649289075537,1.35,2.1,2.35,2.1,highd_external,severity,RSS longitudinal,285,0.0,0.0,0.0
43,star,1.0,1.15,1.7,1.85,1.7,highd_external,frequency,Upper bound,294,0.0,0.0,0.0
43,pi,0.707482993197279,1.35,,,1.75,highd_external,frequency,Weak TTC,294,0.29251700680272097,,0.050000000000000044
43,pi_tuned,1.0,1.15,1.75,1.9,1.75,highd_external,frequency,Strong TTC,294,0.0,0.050000000000000044,0.050000000000000044
43,pi_sd,1.0,1.15,1.7,1.85,1.7,highd_external,frequency,Stopping-distance,294,0.0,0.0,0.0
43,rss_longitudinal,1.0,1.15,1.7,1.85,1.7,highd_external,frequency,RSS longitudinal,294,0.0,0.0,0.0
43,star,1.0,1.3,1.85,1.95,1.85,highd_external,severity,Upper bound,294,0.0,0.0,0.0
43,pi,0.6379105276988091,1.6,,,1.9,highd_external,severity,Weak TTC,294,0.36208947230119093,,0.04999999999999982
43,pi_tuned,1.0,1.3,1.9,2.0,1.9,highd_external,severity,Strong TTC,294,0.0,0.04999999999999982,0.04999999999999982
43,pi_sd,1.0,1.3,1.85,1.95,1.85,highd_external,severity,Stopping-distance,294,0.0,0.0,0.0
43,rss_longitudinal,1.0,1.3,1.85,1.95,1.85,highd_external,severity,RSS longitudinal,294,0.0,0.0,0.0
44,star,0.9999999999999998,1.15,1.8,1.95,1.8,highd_external,frequency,Upper bound,381,0.0,0.0,0.0
44,pi,0.7244094488188975,1.35,,,1.75,highd_external,frequency,Weak TTC,381,0.2755905511811023,,-0.050000000000000044
44,pi_tuned,0.9973753280839893,1.15,1.85,2.0,1.85,highd_external,frequency,Strong TTC,381,0.002624671916010457,0.050000000000000044,0.050000000000000044
44,pi_sd,0.9999999999999998,1.15,1.8,1.95,1.8,highd_external,frequency,Stopping-distance,381,0.0,0.0,0.0
44,rss_longitudinal,0.9999999999999998,1.15,1.8,1.95,1.8,highd_external,frequency,RSS longitudinal,381,0.0,0.0,0.0
44,star,0.9999999999999999,1.35,1.95,2.15,1.95,highd_external,severity,Upper bound,381,0.0,0.0,0.0
44,pi,0.6413532273174627,1.65,,,1.9,highd_external,severity,Weak TTC,381,0.3586467726825372,,-0.050000000000000044
44,pi_tuned,0.9942728904419991,1.35,2.0,2.35,2.0,highd_external,severity,Strong TTC,381,0.00572710955800082,0.050000000000000044,0.050000000000000044
44,pi_sd,0.9999999999999999,1.35,1.95,2.15,1.95,highd_external,severity,Stopping-distance,381,0.0,0.0,0.0
44,rss_longitudinal,0.9999999999999999,1.35,1.95,2.15,1.95,highd_external,severity,RSS longitudinal,381,0.0,0.0,0.0
45,star,1.0,1.15,1.75,1.95,1.75,highd_external,frequency,Upper bound,396,0.0,0.0,0.0
45,pi,0.6868686868686869,1.4,,,1.8,highd_external,frequency,Weak TTC,396,0.31313131313131315,,0.050000000000000044
45,pi_tuned,0.9848484848484849,1.15,1.85,2.1,1.75,highd_external,frequency,Strong TTC,396,0.015151515151515138,0.10000000000000009,0.0
45,pi_sd,1.0,1.15,1.75,1.95,1.75,highd_external,frequency,Stopping-distance,396,0.0,0.0,0.0
45,rss_longitudinal,1.0,1.15,1.75,1.95,1.75,highd_external,frequency,RSS longitudinal,396,0.0,0.0,0.0
45,star,1.0,1.35,1.95,2.1,1.95,highd_external,severity,Upper bound,396,0.0,0.0,0.0
45,pi,0.6234029670874717,1.75,,,1.9,highd_external,severity,Weak TTC,396,0.37659703291252833,,-0.050000000000000044
45,pi_tuned,0.9788249727706836,1.35,2.05,2.25,1.95,highd_external,severity,Strong TTC,396,0.021175027229316412,0.09999999999999987,0.0
45,pi_sd,1.0,1.35,1.95,2.1,1.95,highd_external,severity,Stopping-distance,396,0.0,0.0,0.0
45,rss_longitudinal,1.0,1.35,1.95,2.1,1.95,highd_external,severity,RSS longitudinal,396,0.0,0.0,0.0
46,star,0.9970238095238094,1.1,1.65,1.9,1.65,highd_external,frequency,Upper bound,336,0.0,0.0,0.0
46,pi,0.699404761904762,1.3,,,1.8,highd_external,frequency,Weak TTC,336,0.29761904761904745,,0.15000000000000013
46,pi_tuned,0.976190476190476,1.1,1.75,2.2,1.7,highd_external,frequency,Strong TTC,336,0.02083333333333337,0.10000000000000009,0.050000000000000044
46,pi_sd,0.9970238095238094,1.1,1.65,1.9,1.65,highd_external,frequency,Stopping-distance,336,0.0,0.0,0.0
46,rss_longitudinal,0.9970238095238094,1.1,1.65,1.9,1.65,highd_external,frequency,RSS longitudinal,336,0.0,0.0,0.0
46,star,0.9906879274083941,1.3,2.0,2.15,1.95,highd_external,severity,Upper bound,336,0.0,0.0,0.0
46,pi,0.6262217966399526,1.65,,,1.95,highd_external,severity,Weak TTC,336,0.3644661307684415,,0.0
46,pi_tuned,0.9586063675274435,1.3,2.2,3.0,2.0,highd_external,severity,Strong TTC,336,0.032081559880950516,0.20000000000000018,0.050000000000000044
46,pi_sd,0.9906879274083941,1.3,2.0,2.2,1.95,highd_external,severity,Stopping-distance,336,0.0,0.0,0.0
46,rss_longitudinal,0.9906879274083941,1.3,2.0,2.2,1.95,highd_external,severity,RSS longitudinal,336,0.0,0.0,0.0
47,star,0.992366412213741,1.05,1.6,2.05,1.6,highd_external,frequency,Upper bound,393,0.0,0.0,0.0
47,pi,0.6615776081424938,1.3,,,1.55,highd_external,frequency,Weak TTC,393,0.3307888040712472,,-0.050000000000000044
47,pi_tuned,0.9567430025445296,1.05,1.7,2.45,1.55,highd_external,frequency,Strong TTC,393,0.0356234096692114,0.09999999999999987,-0.050000000000000044
47,pi_sd,0.9872773536895678,1.05,1.65,2.05,1.6,highd_external,frequency,Stopping-distance,393,0.0050890585241731845,0.04999999999999982,0.0
47,rss_longitudinal,0.9898218829516543,1.05,1.65,2.05,1.65,highd_external,frequency,RSS longitudinal,393,0.0025445292620867033,0.04999999999999982,0.04999999999999982
47,star,0.9784968170875106,1.3,2.55,3.55,2.15,highd_external,severity,Upper bound,393,0.0,0.0,0.0
47,pi,0.570138143960603,1.6,,,1.65,highd_external,severity,Weak TTC,393,0.40835867312690755,,-0.5
47,pi_tuned,0.8855349721278278,1.3,,,1.85,highd_external,severity,Strong TTC,393,0.09296184495968274,,-0.2999999999999998
47,pi_sd,0.9623836131900325,1.3,2.6,3.55,2.05,highd_external,severity,Stopping-distance,393,0.016113203897478057,0.050000000000000266,-0.10000000000000009
47,rss_longitudinal,0.9704402151387717,1.3,2.6,3.55,2.1,highd_external,severity,RSS longitudinal,393,0.008056601948738917,0.050000000000000266,-0.04999999999999982
48,star,0.9999999999999999,1.0,1.5,1.65,1.5,highd_external,frequency,Upper bound,315,0.0,0.0,0.0
48,pi,0.7777777777777779,1.15,,,1.6,highd_external,frequency,Weak TTC,315,0.222222222222222,,0.10000000000000009
48,pi_tuned,0.9999999999999999,1.0,1.5,1.7,1.5,highd_external,frequency,Strong TTC,315,0.0,0.0,0.0
48,pi_sd,0.9999999999999999,1.0,1.5,1.65,1.5,highd_external,frequency,Stopping-distance,315,0.0,0.0,0.0
48,rss_longitudinal,0.9999999999999999,1.0,1.5,1.65,1.5,highd_external,frequency,RSS longitudinal,315,0.0,0.0,0.0
48,star,1.0,1.25,1.7,1.85,1.7,highd_external,severity,Upper bound,315,0.0,0.0,0.0
48,pi,0.7289293987312769,1.4,,,1.7,highd_external,severity,Weak TTC,315,0.27107060126872307,,0.0
48,pi_tuned,1.0,1.25,1.7,1.85,1.7,highd_external,severity,Strong TTC,315,0.0,0.0,0.0
48,pi_sd,1.0,1.25,1.7,1.85,1.7,highd_external,severity,Stopping-distance,315,0.0,0.0,0.0
48,rss_longitudinal,1.0,1.25,1.7,1.85,1.7,highd_external,severity,RSS longitudinal,315,0.0,0.0,0.0
49,star,0.9968847352024922,1.05,1.75,2.15,1.75,highd_external,frequency,Upper bound,321,0.0,0.0,0.0
49,pi,0.7694704049844237,1.2,,,1.85,highd_external,frequency,Weak TTC,321,0.22741433021806856,,0.10000000000000009
49,pi_tuned,0.9657320872274142,1.05,1.85,2.4,1.7,highd_external,frequency,Strong TTC,321,0.031152647975077996,0.10000000000000009,-0.050000000000000044
49,pi_sd,0.9968847352024922,1.05,1.8,2.15,1.75,highd_external,frequency,Stopping-distance,321,0.0,0.050000000000000044,0.0
49,rss_longitudinal,0.9968847352024922,1.05,1.8,2.15,1.75,highd_external,frequency,RSS longitudinal,321,0.0,0.050000000000000044,0.0
49,star,0.9941734727151914,1.35,2.25,2.7,2.25,highd_external,severity,Upper bound,321,0.0,0.0,0.0
49,pi,0.6709629295886361,1.55,,,2.0,highd_external,severity,Weak TTC,321,0.3232105431265553,,-0.25
49,pi_tuned,0.925231400896222,1.35,2.65,,2.0,highd_external,severity,Strong TTC,321,0.06894207181896939,0.3999999999999999,-0.25
49,pi_sd,0.9941734727151914,1.35,2.25,2.85,2.25,highd_external,severity,Stopping-distance,321,0.0,0.0,0.0
49,rss_longitudinal,0.9941734727151914,1.35,2.25,2.85,2.25,highd_external,severity,RSS longitudinal,321,0.0,0.0,0.0
50,star,0.9974747474747474,1.05,1.8,2.1,1.75,highd_external,frequency,Upper bound,396,0.0,0.0,0.0
50,pi,0.7196969696969696,1.35,,,1.8,highd_external,frequency,Weak TTC,396,0.2777777777777778,,0.050000000000000044
50,pi_tuned,0.9696969696969696,1.05,1.85,2.5,1.65,highd_external,frequency,Strong TTC,396,0.02777777777777779,0.050000000000000044,-0.10000000000000009
50,pi_sd,0.9974747474747474,1.05,1.8,2.1,1.75,highd_external,frequency,Stopping-distance,396,0.0,0.0,0.0
50,rss_longitudinal,0.9974747474747474,1.05,1.8,2.1,1.75,highd_external,frequency,RSS longitudinal,396,0.0,0.0,0.0
50,star,0.9930916275683934,1.35,2.25,2.65,2.25,highd_external,severity,Upper bound,396,0.0,0.0,0.0
50,pi,0.6238038619908879,1.7,,,1.9,highd_external,severity,Weak TTC,396,0.36928776557750553,,-0.3500000000000001
50,pi_tuned,0.9302240646074564,1.35,2.55,,2.1,highd_external,severity,Strong TTC,396,0.06286756296093698,0.2999999999999998,-0.1499999999999999
50,pi_sd,0.9930916275683934,1.35,2.3,2.65,2.3,highd_external,severity,Stopping-distance,396,0.0,0.04999999999999982,0.04999999999999982
50,rss_longitudinal,0.9930916275683934,1.35,2.3,2.65,2.3,highd_external,severity,RSS longitudinal,396,0.0,0.04999999999999982,0.04999999999999982
51,star,0.994623655913978,1.1,1.65,1.9,1.65,highd_external,frequency,Upper bound,372,0.0,0.0,0.0
51,pi,0.7311827956989245,1.35,,,1.8,highd_external,frequency,Weak TTC,372,0.26344086021505353,,0.15000000000000013
51,pi_tuned,0.9811827956989243,1.1,1.65,1.95,1.65,highd_external,frequency,Strong TTC,372,0.013440860215053752,0.0,0.0
51,pi_sd,0.994623655913978,1.1,1.65,1.9,1.65,highd_external,frequency,Stopping-distance,372,0.0,0.0,0.0
51,rss_longitudinal,0.994623655913978,1.1,1.65,1.9,1.65,highd_external,frequency,RSS longitudinal,372,0.0,0.0,0.0
51,star,0.9848351064624081,1.3,2.05,2.55,1.9,highd_external,severity,Upper bound,372,0.0,0.0,0.0
51,pi,0.664553705683979,1.5,,,1.9,highd_external,severity,Weak TTC,372,0.32028140077842915,,0.0
51,pi_tuned,0.9479430322512321,1.3,2.05,,1.85,highd_external,severity,Strong TTC,372,0.03689207421117602,0.0,-0.04999999999999982
51,pi_sd,0.9848351064624081,1.3,2.05,2.55,1.9,highd_external,severity,Stopping-distance,372,0.0,0.0,0.0
51,rss_longitudinal,0.9848351064624081,1.3,2.05,2.55,1.9,highd_external,severity,RSS longitudinal,372,0.0,0.0,0.0
52,star,1.0000000000000002,1.05,1.55,1.7,1.55,highd_external,frequency,Upper bound,372,0.0,0.0,0.0
52,pi,0.7661290322580647,1.2,,,1.55,highd_external,frequency,Weak TTC,372,0.2338709677419355,,0.0
52,pi_tuned,1.0000000000000002,1.05,1.6,1.75,1.6,highd_external,frequency,Strong TTC,372,0.0,0.050000000000000044,0.050000000000000044
52,pi_sd,1.0000000000000002,1.05,1.55,1.7,1.55,highd_external,frequency,Stopping-distance,372,0.0,0.0,0.0
52,rss_longitudinal,1.0000000000000002,1.05,1.55,1.7,1.55,highd_external,frequency,RSS longitudinal,372,0.0,0.0,0.0
52,star,0.9999999999999999,1.25,1.7,1.9,1.7,highd_external,severity,Upper bound,372,0.0,0.0,0.0
52,pi,0.7130391061453,1.45,,,1.7,highd_external,severity,Weak TTC,372,0.2869608938546999,,0.0
52,pi_tuned,0.9999999999999999,1.25,1.75,1.95,1.75,highd_external,severity,Strong TTC,372,0.0,0.050000000000000044,0.050000000000000044
52,pi_sd,0.9999999999999999,1.25,1.75,1.9,1.75,highd_external,severity,Stopping-distance,372,0.0,0.050000000000000044,0.050000000000000044
52,rss_longitudinal,0.9999999999999999,1.25,1.75,1.9,1.75,highd_external,severity,RSS longitudinal,372,0.0,0.050000000000000044,0.050000000000000044
53,star,1.0,1.0,1.5,1.75,1.5,highd_external,frequency,Upper bound,414,0.0,0.0,0.0
53,pi,0.7874396135265701,1.15,,,1.75,highd_external,frequency,Weak TTC,414,0.2125603864734299,,0.25
53,pi_tuned,0.995169082125604,1.0,1.5,1.75,1.5,highd_external,frequency,Strong TTC,414,0.004830917874396046,0.0,0.0
53,pi_sd,1.0,1.0,1.5,1.75,1.5,highd_external,frequency,Stopping-distance,414,0.0,0.0,0.0
53,rss_longitudinal,1.0,1.0,1.5,1.75,1.5,highd_external,frequency,RSS longitudinal,414,0.0,0.0,0.0
53,star,1.0,1.15,1.75,1.9,1.75,highd_external,severity,Upper bound,414,0.0,0.0,0.0
53,pi,0.7545468747563762,1.35,,,1.85,highd_external,severity,Weak TTC,414,0.24545312524362384,,0.10000000000000009
53,pi_tuned,0.9954723371737728,1.15,1.8,2.05,1.75,highd_external,severity,Strong TTC,414,0.004527662826227186,0.050000000000000044,0.0
53,pi_sd,1.0,1.15,1.75,2.0,1.75,highd_external,severity,Stopping-distance,414,0.0,0.0,0.0
53,rss_longitudinal,1.0,1.15,1.75,2.0,1.75,highd_external,severity,RSS longitudinal,414,0.0,0.0,0.0
54,star,0.9999999999999998,1.1,1.65,2.15,1.65,highd_external,frequency,Upper bound,432,0.0,0.0,0.0
54,pi,0.685185185185185,1.35,,,1.8,highd_external,frequency,Weak TTC,432,0.31481481481481477,,0.15000000000000013
54,pi_tuned,0.9861111111111109,1.1,1.7,2.25,1.65,highd_external,frequency,Strong TTC,432,0.01388888888888884,0.050000000000000044,0.0
54,pi_sd,0.9999999999999998,1.1,1.65,2.15,1.65,highd_external,frequency,Stopping-distance,432,0.0,0.0,0.0
54,rss_longitudinal,0.9999999999999998,1.1,1.65,2.15,1.65,highd_external,frequency,RSS longitudinal,432,0.0,0.0,0.0
54,star,1.0,1.35,2.2,2.45,2.2,highd_external,severity,Upper bound,432,0.0,0.0,0.0
54,pi,0.6275148158148877,1.65,,,1.95,highd_external,severity,Weak TTC,432,0.37248518418511234,,-0.2500000000000002
54,pi_tuned,0.9661956675289758,1.35,2.3,2.8,2.25,highd_external,severity,Strong TTC,432,0.03380433247102421,0.09999999999999964,0.04999999999999982
54,pi_sd,1.0,1.35,2.2,2.45,2.2,highd_external,severity,Stopping-distance,432,0.0,0.0,0.0
54,rss_longitudinal,1.0,1.35,2.2,2.45,2.2,highd_external,severity,RSS longitudinal,432,0.0,0.0,0.0
55,star,1.0,1.1,1.75,1.9,1.75,highd_external,frequency,Upper bound,366,0.0,0.0,0.0
55,pi,0.7404371584699454,1.3,,,1.7,highd_external,frequency,Weak TTC,366,0.2595628415300546,,-0.050000000000000044
55,pi_tuned,0.9972677595628415,1.1,1.75,1.95,1.75,highd_external,frequency,Strong TTC,366,0.002732240437158473,0.0,0.0
55,pi_sd,1.0,1.1,1.75,1.9,1.75,highd_external,frequency,Stopping-distance,366,0.0,0.0,0.0
55,rss_longitudinal,1.0,1.1,1.75,1.9,1.75,highd_external,frequency,RSS longitudinal,366,0.0,0.0,0.0
55,star,1.0,1.35,1.95,2.15,1.95,highd_external,severity,Upper bound,366,0.0,0.0,0.0
55,pi,0.6562245181147062,1.55,,,1.85,highd_external,severity,Weak TTC,366,0.34377548188529383,,-0.09999999999999987
55,pi_tuned,0.9960955039176773,1.35,2.0,2.3,2.0,highd_external,severity,Strong TTC,366,0.0039044960823226837,0.050000000000000044,0.050000000000000044
55,pi_sd,1.0,1.35,1.95,2.15,1.95,highd_external,severity,Stopping-distance,366,0.0,0.0,0.0
55,rss_longitudinal,1.0,1.35,1.95,2.15,1.95,highd_external,severity,RSS longitudinal,366,0.0,0.0,0.0
56,star,1.0000000000000004,1.1,1.75,1.9,1.75,highd_external,frequency,Upper bound,351,0.0,0.0,0.0
56,pi,0.7635327635327638,1.25,,,1.75,highd_external,frequency,Weak TTC,351,0.23646723646723666,,0.0
56,pi_tuned,0.9886039886039889,1.1,1.75,2.05,1.75,highd_external,frequency,Strong TTC,351,0.01139601139601154,0.0,0.0
56,pi_sd,1.0000000000000004,1.1,1.75,1.95,1.75,highd_external,frequency,Stopping-distance,351,0.0,0.0,0.0
56,rss_longitudinal,1.0000000000000004,1.1,1.75,1.95,1.75,highd_external,frequency,RSS longitudinal,351,0.0,0.0,0.0
56,star,0.9999999999999999,1.35,1.95,2.1,1.95,highd_external,severity,Upper bound,351,0.0,0.0,0.0
56,pi,0.6774499120586019,1.5,,,1.85,highd_external,severity,Weak TTC,351,0.32255008794139794,,-0.09999999999999987
56,pi_tuned,0.9824341737992588,1.35,2.05,2.35,2.0,highd_external,severity,Strong TTC,351,0.017565826200741097,0.09999999999999987,0.050000000000000044
56,pi_sd,0.9999999999999999,1.35,2.0,2.15,2.0,highd_external,severity,Stopping-distance,351,0.0,0.050000000000000044,0.050000000000000044
56,rss_longitudinal,0.9999999999999999,1.35,2.0,2.15,2.0,highd_external,severity,RSS longitudinal,351,0.0,0.050000000000000044,0.050000000000000044
57,star,1.0000000000000002,1.2,1.65,1.8,1.65,highd_external,frequency,Upper bound,327,0.0,0.0,0.0
57,pi,0.8012232415902141,1.35,,,1.75,highd_external,frequency,Weak TTC,327,0.19877675840978615,,0.10000000000000009
57,pi_tuned,1.0000000000000002,1.2,1.7,1.85,1.7,highd_external,frequency,Strong TTC,327,0.0,0.050000000000000044,0.050000000000000044
57,pi_sd,1.0000000000000002,1.2,1.65,1.8,1.65,highd_external,frequency,Stopping-distance,327,0.0,0.0,0.0
57,rss_longitudinal,1.0000000000000002,1.2,1.65,1.8,1.65,highd_external,frequency,RSS longitudinal,327,0.0,0.0,0.0
57,star,1.0,1.3,1.75,1.9,1.75,highd_external,severity,Upper bound,327,0.0,0.0,0.0
57,pi,0.7803055618238851,1.45,,,1.8,highd_external,severity,Weak TTC,327,0.2196944381761149,,0.050000000000000044
57,pi_tuned,1.0,1.3,1.8,1.95,1.8,highd_external,severity,Strong TTC,327,0.0,0.050000000000000044,0.050000000000000044
57,pi_sd,1.0,1.3,1.75,1.9,1.75,highd_external,severity,Stopping-distance,327,0.0,0.0,0.0
57,rss_longitudinal,1.0,1.3,1.75,1.9,1.75,highd_external,severity,RSS longitudinal,327,0.0,0.0,0.0
58,star,1.0,1.15,1.85,2.15,1.85,highd_external,frequency,Upper bound,129,0.0,0.0,0.0
58,pi,0.7906976744186048,1.3,,,1.9,highd_external,frequency,Weak TTC,129,0.20930232558139517,,0.04999999999999982
58,pi_tuned,1.0,1.15,1.85,2.25,1.85,highd_external,frequency,Strong TTC,129,0.0,0.0,0.0
58,pi_sd,1.0,1.15,1.85,2.15,1.85,highd_external,frequency,Stopping-distance,129,0.0,0.0,0.0
58,rss_longitudinal,1.0,1.15,1.85,2.15,1.85,highd_external,frequency,RSS longitudinal,129,0.0,0.0,0.0
58,star,1.0000000000000002,1.3,2.4,2.6,2.4,highd_external,severity,Upper bound,129,0.0,0.0,0.0
58,pi,0.6671720295755753,1.65,,,2.05,highd_external,severity,Weak TTC,129,0.3328279704244249,,-0.3500000000000001
58,pi_tuned,1.0000000000000002,1.35,2.55,2.95,2.55,highd_external,severity,Strong TTC,129,0.0,0.1499999999999999,0.1499999999999999
58,pi_sd,1.0000000000000002,1.3,2.4,2.6,2.4,highd_external,severity,Stopping-distance,129,0.0,0.0,0.0
58,rss_longitudinal,1.0000000000000002,1.3,2.4,2.6,2.4,highd_external,severity,RSS longitudinal,129,0.0,0.0,0.0
59,star,0.9999999999999996,1.2,1.85,2.05,1.85,highd_external,frequency,Upper bound,99,0.0,0.0,0.0
59,pi,0.7979797979797975,1.4,,,1.95,highd_external,frequency,Weak TTC,99,0.2020202020202021,,0.09999999999999987
59,pi_tuned,0.9999999999999996,1.2,1.85,2.15,1.85,highd_external,frequency,Strong TTC,99,0.0,0.0,0.0
59,pi_sd,0.9999999999999996,1.2,1.85,2.05,1.85,highd_external,frequency,Stopping-distance,99,0.0,0.0,0.0
59,rss_longitudinal,0.9999999999999996,1.2,1.85,2.05,1.85,highd_external,frequency,RSS longitudinal,99,0.0,0.0,0.0
59,star,1.0,1.45,2.05,2.4,2.05,highd_external,severity,Upper bound,99,0.0,0.0,0.0
59,pi,0.7021338781098106,1.55,,,2.1,highd_external,severity,Weak TTC,99,0.29786612189018935,,0.050000000000000266
59,pi_tuned,1.0,1.45,2.15,2.65,2.15,highd_external,severity,Strong TTC,99,0.0,0.10000000000000009,0.10000000000000009
59,pi_sd,1.0,1.45,2.05,2.4,2.05,highd_external,severity,Stopping-distance,99,0.0,0.0,0.0
59,rss_longitudinal,1.0,1.45,2.05,2.4,2.05,highd_external,severity,RSS longitudinal,99,0.0,0.0,0.0
60,star,1.0,1.2,1.9,2.15,1.9,highd_external,frequency,Upper bound,333,0.0,0.0,0.0
60,pi,0.7477477477477479,1.35,,,1.85,highd_external,frequency,Weak TTC,333,0.2522522522522521,,-0.04999999999999982
60,pi_tuned,0.9969969969969971,1.2,1.9,2.2,1.9,highd_external,frequency,Strong TTC,333,0.0030030030030029353,0.0,0.0
60,pi_sd,1.0,1.2,1.9,2.15,1.9,highd_external,frequency,Stopping-distance,333,0.0,0.0,0.0
60,rss_longitudinal,1.0,1.2,1.9,2.15,1.9,highd_external,frequency,RSS longitudinal,333,0.0,0.0,0.0
60,star,1.0,1.4,2.15,2.35,2.15,highd_external,severity,Upper bound,333,0.0,0.0,0.0
60,pi,0.6487707808685732,1.75,,,2.0,highd_external,severity,Weak TTC,333,0.3512292191314268,,-0.1499999999999999
60,pi_tuned,0.9930041337175303,1.4,2.25,2.6,2.2,highd_external,severity,Strong TTC,333,0.0069958662824697315,0.10000000000000009,0.050000000000000266
60,pi_sd,1.0,1.4,2.15,2.35,2.15,highd_external,severity,Stopping-distance,333,0.0,0.0,0.0
60,rss_longitudinal,1.0,1.4,2.15,2.35,2.15,highd_external,severity,RSS longitudinal,333,0.0,0.0,0.0
